name,brand,price,stock_count,product_rating,Availability,url
Camping Tent with Poles Arpenaz 4.1 F&B 4 Persons 1 Bedroom,QUECHUA,9990.0,17,4.65,Available,https://decathlon.ph/p/camping-tent-with-poles-arpenaz-4-1-f-b-4-persons-1-bedroom-quechua-8492957.html
Camping tent 2 Seconds Easy - 3-P - Fresh&Black,QUECHUA,10990.0,12,3.83,Unavailable,https://decathlon.ph/p/camping-tent-2-seconds-easy-3-p-fresh-black-quechua-8576110.html
Camping tent with poles - Arpenaz 4.1 - 4 Person - 1 Bedroom,QUECHUA,8690.0,27,4.07,Unavailable,https://decathlon.ph/p/camping-tent-with-poles-arpenaz-4-1-4-person-1-bedroom-quechua-8378237.html
Camping tent 2 Seconds - 3-Person - Fresh&Black,QUECHUA,5590.0,4,5.0,Unavailable,https://decathlon.ph/p/camping-tent-2-seconds-3-person-fresh-black-quechua-8357353.html
Camping Folding Armchair - Basic,QUECHUA,1290.0,390,4.58,Available,https://decathlon.ph/p/camping-folding-armchair-basic-quechua-8573879.html
FOLDING CAMPING CHAIR,QUECHUA,1290.0,78,4.69,Available,https://decathlon.ph/p/folding-camping-chair-quechua-8852991.html
Camping Comfortable Folding Table Chair,QUECHUA,1690.0,7,4.43,Available,https://decathlon.ph/p/camping-comfortable-folding-table-chair-quechua-8853003.html
Camping Comfortable Reclining Folding Armchair - steel,QUECHUA,2690.0,29,4.76,Available,https://decathlon.ph/p/camping-comfortable-reclining-folding-armchair-steel-quechua-8881982.html
Comfortable XL cover for picnicking and camping - 210 x 170 cm,QUECHUA,1290.0,28,4.89,Available,https://decathlon.ph/p/comfortable-xl-cover-for-picnicking-and-camping-210-x-170-cm-quechua-8789856.html
FOLDING CAMPING CHAIR MH500 - GREY,QUECHUA,2890.0,47,4.57,Available,https://decathlon.ph/p/folding-camping-chair-mh500-grey-quechua-8492643.html
Camping tripod,QUECHUA,320.0,218,4.45,Available,https://decathlon.ph/p/camping-tripod-quechua-8786302.html
Folding Camping Chair,QUECHUA,990.0,166,4.52,Available,https://decathlon.ph/p/folding-camping-chair-quechua-8852994.html
FOLDING CAMPING TABLE - 4 STOOLS - 4 TO 6 PEOPLE,QUECHUA,4690.0,5,3.2,Available,https://decathlon.ph/p/folding-camping-table-4-stools-4-to-6-people-quechua-8853007.html
Camping tripod,QUECHUA,390.0,218,4.45,Available,https://decathlon.ph/p/camping-tripod-quechua-8786303.html
PLAID XL 190x190 CHINA TIGER,QUECHUA,1290.0,22,4.64,Available,https://decathlon.ph/p/plaid-xl-190x190-china-tiger-quechua-8735286.html
Picnic comfort blanket - 170 x 140cm,QUECHUA,780.0,66,4.8,Available,https://decathlon.ph/p/picnic-comfort-blanket-170-x-140cm-quechua-8641939.html
FLEECE BLANKET - 150 x 130 CM,QUECHUA,550.0,25,4.36,Available,https://decathlon.ph/p/fleece-blanket-150-x-130-cm-quechua-8606450.html
Camping Comfortable Folding Armchair,QUECHUA,2890.0,13,4.69,Available,https://decathlon.ph/p/camping-comfortable-folding-armchair-quechua-8852999.html
MH500 hiker's camping cook set stainless steel + non-stick coating 4 p. 3.5 L,QUECHUA,2790.0,22,4.77,Available,https://decathlon.ph/p/mh500-hiker-s-camping-cook-set-stainless-steel-non-stick-coating-4-p-3-5-l-quechua-8492729.html
Inflatable Camping Mattress Air Comfort 120 cm 2 People,QUECHUA,1990.0,4,4.5,Available,https://decathlon.ph/p/inflatable-camping-mattress-air-comfort-120-cm-2-people-quechua-8648442.html
CAMPING PILLOW ULTIM COMFORT,QUECHUA,1590.0,24,4.83,Available,https://decathlon.ph/p/camping-pillow-ultim-comfort-quechua-8827568.html
4-person camp fire cooking pot - stainless steel -3 litres,QUECHUA,1490.0,0,0.0,Available,https://decathlon.ph/p/4-person-camp-fire-cooking-pot-stainless-steel-3-litres-quechua-8751076.html
Plastic (Ecozen®) Hiking Flask with Quick Opening Cap MH500 1.2 Litre Blue,QUECHUA,590.0,21,4.76,Available,https://decathlon.ph/p/plastic-ecozen-hiking-flask-with-quick-opening-cap-mh500-1-2-litre-blue-quechua-8798181.html
CAMP BED FOR CAMPING - CAMP BED SECOND 65 CM - 1 PERSON,QUECHUA,3990.0,41,4.37,Available,https://decathlon.ph/p/camp-bed-for-camping-camp-bed-second-65-cm-1-person-quechua-8595947.html
"Shelter 4 People Base Easy Fresh - multipurpose, pop-up pitching with tent poles",QUECHUA,3890.0,5,5.0,Available,https://decathlon.ph/p/shelter-4-people-base-easy-fresh-multipurpose-pop-up-pitching-with-tent-poles-quechua-8735280.html
MH500 1L Stainless Steel Hiking Campsite Kettle,QUECHUA,850.0,33,4.76,Available,https://decathlon.ph/p/mh500-1l-stainless-steel-hiking-campsite-kettle-quechua-8504347.html
Camping Awning Arpenaz Fresh - 6 People,QUECHUA,2790.0,10,3.4,Available,https://decathlon.ph/p/camping-awning-arpenaz-fresh-6-people-quechua-8648418.html
Camping Bed Basic Camp Bed 60 cm 1 Person,QUECHUA,2590.0,19,4.84,Available,https://decathlon.ph/p/camping-bed-basic-camp-bed-60-cm-1-person-quechua-8755737.html
CAMPING SLEEPING BAG - ARPENAZ 10°,QUECHUA,1590.0,2530,4.66,Available,https://decathlon.ph/p/camping-sleeping-bag-arpenaz-10-quechua-8737675.html
CAMPING SLEEPING BAG - ARPENAZ 15°,QUECHUA,1390.0,52,4.42,Available,https://decathlon.ph/p/camping-sleeping-bag-arpenaz-15-quechua-8737673.html
Isothermal Backpack 20 L - NH100 Ice Compact,QUECHUA,1190.0,12,4.83,Available,https://decathlon.ph/p/isothermal-backpack-20-l-nh100-ice-compact-quechua-8618607.html
LOW FOLDING CAMPING CHAIR MH500 CAMO,QUECHUA,2490.0,45,4.44,Unavailable,https://decathlon.ph/p/low-folding-camping-chair-mh500-camo-quechua-8810860.html
Ecozen® flask  0.8 L with quick opening cap for hiking - blue,QUECHUA,490.0,116,4.47,Available,https://decathlon.ph/p/ecozen-flask-0-8-l-with-quick-opening-cap-for-hiking-blue-quechua-8798179.html
Camping Sleeping Bag Arpenaz 20°,QUECHUA,990.0,4354,4.59,Available,https://decathlon.ph/p/camping-sleeping-bag-arpenaz-20-quechua-8648438.html
Plastic hiking flask with quick opening cap MH500 0.8 Litre purple ,QUECHUA,300.0,115,4.5,Available,https://decathlon.ph/p/plastic-hiking-flask-with-quick-opening-cap-mh500-0-8-litre-purple-quechua-8798180.html
Plastic (Tritan) Hiking flask 100 screw top 0.8 litres,QUECHUA,160.0,584,4.59,Available,https://decathlon.ph/p/plastic-tritan-hiking-flask-100-screw-top-0-8-litres-quechua-8492776.html
Hiker’s camp flat plate MH100 plastic blue (0.45 litre),QUECHUA,140.0,14,4.64,Available,https://decathlon.ph/p/hiker-s-camp-flat-plate-mh100-plastic-blue-0-45-litre-quechua-8493329.html
MH150 Stainless Steel Hiking Campsite cup (0.4 litres),QUECHUA,250.0,82,4.82,Available,https://decathlon.ph/p/mh150-stainless-steel-hiking-campsite-cup-0-4-litres-quechua-8492721.html
"Set of 3 cutlery (knife, fork, spoon) hiker's camp plastic blue",QUECHUA,230.0,22,4.91,Available,https://decathlon.ph/p/set-of-3-cutlery-knife-fork-spoon-hiker-s-camp-plastic-blue-quechua-8386030.html
Inflatable Camping Mattress - Air Basic 140 cm - 2 Person,QUECHUA,1990.0,48,4.02,Available,https://decathlon.ph/p/inflatable-camping-mattress-air-basic-140-cm-2-person-quechua-8561145.html
Air Basic Inflatable Camping Mattress -120 cm - 2-Person,QUECHUA,1690.0,32,4.47,Available,https://decathlon.ph/p/air-basic-inflatable-camping-mattress-120-cm-2-person-quechua-8561149.html
CAMPING LAMP - BL 200 RECHARGEABLE - 200 LUMENS,QUECHUA,1390.0,29,4.72,Available,https://decathlon.ph/p/camping-lamp-bl-200-rechargeable-200-lumens-quechua-8584584.html
CAMPING AIR BASIC MATTRESS 70CM - 1 person,QUECHUA,990.0,30,3.87,Available,https://decathlon.ph/p/camping-air-basic-mattress-70cm-1-person-quechua-8561144.html
INFLATABLE CAMPING PILLOW - AIR BASIC,QUECHUA,390.0,121,4.17,Available,https://decathlon.ph/p/inflatable-camping-pillow-air-basic-quechua-8677189.html
CAMP BED FOR CAMPING - DOUBLE CAMP BED SECOND 130 CM - 2 PERSON,QUECHUA,3790.0,1,5.0,Available,https://decathlon.ph/p/camp-bed-for-camping-double-camp-bed-second-130-cm-2-person-quechua-8774222.html
Isothermal Hiker’s Camping Mug (stainless steel double wall) MH500 0.38 L Red,QUECHUA,470.0,82,4.74,Available,https://decathlon.ph/p/isothermal-hiker-s-camping-mug-stainless-steel-double-wall-mh500-0-38-l-red-quechua-8640747.html
Insulated cover for hiking flask 0.75 to 1 litre grey/blue,QUECHUA,390.0,2226,4.57,Available,https://decathlon.ph/p/insulated-cover-for-hiking-flask-0-75-to-1-litre-grey-blue-quechua-8575944.html
MULTIFUNCTION TARP CAMPING SHELTER - FRESH XL,QUECHUA,3490.0,13,3.92,Available,https://decathlon.ph/p/multifunction-tarp-camping-shelter-fresh-xl-quechua-8576043.html
CAMPING LAMP - BL40 - 40 LUMENS,QUECHUA,390.0,26,4.77,Available,https://decathlon.ph/p/camping-lamp-bl40-40-lumens-quechua-8615283.html
MH500 hiker's camping cook set stainless steel + non-stick coating 2 p. 2.1 L,QUECHUA,1790.0,20,4.55,Available,https://decathlon.ph/p/mh500-hiker-s-camping-cook-set-stainless-steel-non-stick-coating-2-p-2-1-l-quechua-8492728.html
Hiker's Camping Stainless Steel Cooking Set MH100 4 Person (2.6 L),QUECHUA,1190.0,0,0.0,Available,https://decathlon.ph/p/hiker-s-camping-stainless-steel-cooking-set-mh100-4-person-2-6-l-quechua-8524877.html
Hiker’s camping stainless steel cook set MH100 2 people (1.6 L),QUECHUA,1090.0,20,4.35,Available,https://decathlon.ph/p/hiker-s-camping-stainless-steel-cook-set-mh100-2-people-1-6-l-quechua-8492725.html
Replacement elastic for tent hoops - 6 metres,QUECHUA,290.0,11,4.73,Available,https://decathlon.ph/p/replacement-elastic-for-tent-hoops-6-metres-quechua-1163607.html
Aluminium Hiking Flask with Quick Opening Cap MH500 1.5 Litre Blue,QUECHUA,790.0,45,4.31,Available,https://decathlon.ph/p/aluminium-hiking-flask-with-quick-opening-cap-mh500-1-5-litre-blue-quechua-8612527.html
Camping Lamp BL 60 Rechargeable USB-C and Dynamo 60 Lumens,QUECHUA,1290.0,3,5.0,Available,https://decathlon.ph/p/camping-lamp-bl-60-rechargeable-usb-c-and-dynamo-60-lumens-quechua-8755548.html
"Hiking flask. 900 instant opening with straw, 0.8 litre Tritan - Petrol blue",QUECHUA,590.0,46,4.17,Available,https://decathlon.ph/p/hiking-flask-900-instant-opening-with-straw-0-8-litre-tritan-petrol-blue-quechua-8575961.html
Insulated cover for hiking flask 0.5 to 0.6 litre grey/purple,QUECHUA,270.0,6,4.67,Available,https://decathlon.ph/p/insulated-cover-for-hiking-flask-0-5-to-0-6-litre-grey-purple-quechua-8575949.html
INFLATABLE CAMPING MATTRESS - ULTIM COMFORT 70 CM - 1 PERSON,QUECHUA,4790.0,28,4.29,Available,https://decathlon.ph/p/inflatable-camping-mattress-ultim-comfort-70-cm-1-person-quechua-8759611.html
Stainless Steel Insulated Hiking Bottle 1 L Blue,QUECHUA,990.0,51,4.24,Available,https://decathlon.ph/p/stainless-steel-insulated-hiking-bottle-1-l-blue-quechua-8734560.html
Ice-pack for Cooler and Cooler Backpack 175 Grams Set of 2 Ice-packs ,QUECHUA,210.0,9,5.0,Available,https://decathlon.ph/p/ice-pack-for-cooler-and-cooler-backpack-175-grams-set-of-2-ice-packs-quechua-8561305.html
Hard ground camping mallet,QUECHUA,830.0,3,3.67,Available,https://decathlon.ph/p/hard-ground-camping-mallet-quechua-8771768.html
Hiking flask MH500 quick-open cap 1 litre aluminium - blue,QUECHUA,690.0,120,4.26,Available,https://decathlon.ph/p/hiking-flask-mh500-quick-open-cap-1-litre-aluminium-blue-quechua-8612536.html
Aluminium Hiking Flask 100 with Screw Cap 0.75 Litre - Khaki,QUECHUA,490.0,40,4.0,Available,https://decathlon.ph/p/aluminium-hiking-flask-100-with-screw-cap-0-75-litre-khaki-quechua-8755964.html
"KID HIKING BOTTLE 0,35L Yueyue",QUECHUA,280.0,5,4.8,Available,https://decathlon.ph/p/kid-hiking-bottle-0-35l-yueyue-quechua-8581804.html
Stainless Steel Insulated Hiking Bottle - 0.4 L Blue,QUECHUA,690.0,111,4.6,Available,https://decathlon.ph/p/stainless-steel-insulated-hiking-bottle-0-4-l-blue-quechua-8734555.html
KIDS SLEEPING BAG MH100 10°C - BLUE,QUECHUA,970.0,12,4.75,Available,https://decathlon.ph/p/kids-sleeping-bag-mh100-10-c-blue-quechua-8513487.html
Isothermal Stainless Steel Hiking Flask MH500 0.5 L White,QUECHUA,790.0,48,4.44,Available,https://decathlon.ph/p/isothermal-stainless-steel-hiking-flask-mh500-0-5-l-white-quechua-8612271.html
Insulated Stainless Steel Hiking Flask MH500 0.8L - Blue,QUECHUA,990.0,82,4.37,Available,https://decathlon.ph/p/insulated-stainless-steel-hiking-flask-mh500-0-8l-blue-quechua-8554867.html
Hiking Insulated Stainless Steel Flask MH500 0.5L Pink,QUECHUA,790.0,84,4.58,Available,https://decathlon.ph/p/hiking-insulated-stainless-steel-flask-mh500-0-5l-pink-quechua-8809552.html
Aluminium Hiking Water Bottle 900 Instant Cap with Straw 0.6 Litre,QUECHUA,480.0,9,5.0,Available,https://decathlon.ph/p/aluminium-hiking-water-bottle-900-instant-cap-with-straw-0-6-litre-quechua-8615531.html
Hiking flask MH500 quick-open cap 1 litre aluminium - green,QUECHUA,420.0,120,4.26,Available,https://decathlon.ph/p/hiking-flask-mh500-quick-open-cap-1-litre-aluminium-green-quechua-8612537.html
"KID HIKING BOTTLE 0,35L Queque",QUECHUA,240.0,5,4.8,Available,https://decathlon.ph/p/kid-hiking-bottle-0-35l-queque-quechua-8581805.html
Aluminium Hiking Water Bottle 900 Instant Cap with Straw 0.6 Litre,QUECHUA,780.0,9,5.0,Available,https://decathlon.ph/p/aluminium-hiking-water-bottle-900-instant-cap-with-straw-0-6-litre-quechua-8615532.html
aluminum fishbone pegs,QUECHUA,260.0,0,0.0,Available,https://decathlon.ph/p/aluminum-fishbone-pegs-quechua-8585302.html
"Hiking MH900 1l isothermal stainless steel flask, quick opening cap",QUECHUA,960.0,1,5.0,Available,https://decathlon.ph/p/hiking-mh900-1l-isothermal-stainless-steel-flask-quick-opening-cap-quechua-8750954.html
"MH500 stainless steel folding camping cutlery set (fork, spoon) for hiking ",QUECHUA,890.0,17,4.88,Available,https://decathlon.ph/p/mh500-stainless-steel-folding-camping-cutlery-set-fork-spoon-for-hiking-quechua-8551090.html
SOFT CAMPING ICE CHEST - 10L,QUECHUA,750.0,15,4.67,Available,https://decathlon.ph/p/soft-camping-ice-chest-10l-quechua-8649237.html
KIDS’ SLEEPING BAG MH100 20°C - TURQUOISE,QUECHUA,790.0,14,4.71,Available,https://decathlon.ph/p/kids-sleeping-bag-mh100-20-c-turquoise-quechua-8786311.html
Isothermal Lunch Box 500 5 Litres 1 Set of Table Mats Included,QUECHUA,780.0,0,0.0,Available,https://decathlon.ph/p/isothermal-lunch-box-500-5-litres-1-set-of-table-mats-included-quechua-8750634.html
1 L limited edition stainless steel water bottle with screw cap for hiking,QUECHUA,600.0,40,3.8,Available,https://decathlon.ph/p/1-l-limited-edition-stainless-steel-water-bottle-with-screw-cap-for-hiking-quechua-8734575.html
Insulated Stainless Steel Hiking Flask MH500 0.8L - Red,QUECHUA,500.0,36,4.44,Available,https://decathlon.ph/p/insulated-stainless-steel-hiking-flask-mh500-0-8l-red-quechua-8574755.html
MH150 0.45L Stainless Steel Hiking Campsite plate,QUECHUA,390.0,7,4.71,Available,https://decathlon.ph/p/mh150-0-45l-stainless-steel-hiking-campsite-plate-quechua-8486873.html
Hiking Stainless Steel Water Bottle with Screw Top MH100 1L - black,QUECHUA,480.0,83,4.1,Available,https://decathlon.ph/p/hiking-stainless-steel-water-bottle-with-screw-top-mh100-1l-black-quechua-8612479.html
MULTIFUNCTION TARP CAMPING SHELTER - FRESH,QUECHUA,2690.0,25,4.4,Available,https://decathlon.ph/p/multifunction-tarp-camping-shelter-fresh-quechua-8572388.html
SELF-INFLATING CAMPING MATTRESS COMFORT 65 CM 1 PERSON,QUECHUA,3690.0,34,4.5,Available,https://decathlon.ph/p/self-inflating-camping-mattress-comfort-65-cm-1-person-quechua-8601381.html
Isothermal Cover for Hiking Water Bottle 1.2 to 1.5 Litre - Grey/Blue,QUECHUA,490.0,14,5.0,Available,https://decathlon.ph/p/isothermal-cover-for-hiking-water-bottle-1-2-to-1-5-litre-grey-blue-quechua-8575942.html
CAMPING LAMP 100 LUMENS BL100,QUECHUA,850.0,26,4.62,Available,https://decathlon.ph/p/camping-lamp-100-lumens-bl100-quechua-8492468.html
Isothermal lunch box - 7 litres,QUECHUA,980.0,3,4.33,Available,https://decathlon.ph/p/isothermal-lunch-box-7-litres-quechua-8750581.html
Hiker’s camping stainless steel cook set MH100 1 person (1.1 L),QUECHUA,850.0,13,4.92,Available,https://decathlon.ph/p/hiker-s-camping-stainless-steel-cook-set-mh100-1-person-1-1-l-quechua-8492724.html
"Kitchen Set MH500 (spatula, ladle, tea towel, chopping board) for hiking camp",QUECHUA,990.0,5,4.2,Available,https://decathlon.ph/p/kitchen-set-mh500-spatula-ladle-tea-towel-chopping-board-for-hiking-camp-quechua-8549674.html
10 STEEL TENT PEGS - VARIOUS TERRAINS,QUECHUA,390.0,14,4.79,Available,https://decathlon.ph/p/10-steel-tent-pegs-various-terrains-quechua-1163836.html
CAMPING LAMP - BL100 RECHARGEABLE - 100 LUMENS,QUECHUA,1690.0,6,3.5,Available,https://decathlon.ph/p/camping-lamp-bl100-rechargeable-100-lumens-quechua-8579848.html
3 large adhesive patch kit - Inflatable mattress repair - 7cm x 3 cm,QUECHUA,440.0,3,5.0,Available,https://decathlon.ph/p/3-large-adhesive-patch-kit-inflatable-mattress-repair-7cm-x-3-cm-quechua-8640350.html
Camping Shelter with Poles - 1 person - Arpenaz 1P,QUECHUA,890.0,10,5.0,Available,https://decathlon.ph/p/camping-shelter-with-poles-1-person-arpenaz-1p-quechua-8669495.html
Pillow Air Dream CN,QUECHUA,1290.0,6,4.83,Available,https://decathlon.ph/p/pillow-air-dream-cn-quechua-8554062.html
Camping Flexible Cooler - 35 L - Preserves Cold for 17 Hours,QUECHUA,4490.0,7,4.71,Available,https://decathlon.ph/p/camping-flexible-cooler-35-l-preserves-cold-for-17-hours-quechua-8572258.html
COTTON SLEEPING BAG FOR CAMPING - ULTIMCOMFORT 10° COTTON KHAKI,QUECHUA,2590.0,4,5.0,Available,https://decathlon.ph/p/cotton-sleeping-bag-for-camping-ultimcomfort-10-cotton-khaki-quechua-8810999.html
Mountain Hiking camp cup MH100 blue plastic 0.25L- Blue,QUECHUA,130.0,20,4.85,Available,https://decathlon.ph/p/mountain-hiking-camp-cup-mh100-blue-plastic-0-25l-blue-quechua-8493764.html
Transport Cart For Camping Equipment - Compact Trolley,QUECHUA,5290.0,10,5.0,Available,https://decathlon.ph/p/transport-cart-for-camping-equipment-compact-trolley-quechua-8858190.html
All Terrain Transport Cart For Camping Equipment - Trolley All Road,QUECHUA,8290.0,11,4.45,Available,https://decathlon.ph/p/all-terrain-transport-cart-for-camping-equipment-trolley-all-road-quechua-8611651.html
FOLDING CAMPING TABLE – 2 TO 4 PEOPLE,QUECHUA,1590.0,78,4.77,Available,https://decathlon.ph/p/folding-camping-table-2-to-4-people-quechua-8750555.html
Comfort blanket for picnics and camping - 170 x 140 cm,QUECHUA,780.0,66,4.8,Available,https://decathlon.ph/p/comfort-blanket-for-picnics-and-camping-170-x-140-cm-quechua-8789855.html
Easy Table CN,QUECHUA,3690.0,4,5.0,Available,https://decathlon.ph/p/easy-table-cn-quechua-8553609.html
Comfort blanket for picnics and camping - 170 x 140 cm,QUECHUA,780.0,18,4.94,Available,https://decathlon.ph/p/comfort-blanket-for-picnics-and-camping-170-x-140-cm-quechua-8789851.html
Comfort blanket for picnics and camping - 170 x 140 cm,QUECHUA,780.0,0,0.0,Available,https://decathlon.ph/p/comfort-blanket-for-picnics-and-camping-170-x-140-cm-quechua-8852506.html
Folding camping stool - green,QUECHUA,640.0,4,5.0,Available,https://decathlon.ph/p/folding-camping-stool-green-quechua-8843764.html
FOLDING CAMPING TABLE - 4 TO 6 PEOPLE,QUECHUA,2990.0,5,5.0,Available,https://decathlon.ph/p/folding-camping-table-4-to-6-people-quechua-8872549.html
,QUECHUA,1990.0,0,0.0,Available,https://decathlon.ph/p/folding-and-compact-camping-wardrobe-basic-quechua-864538.html
Ultimcomfort folding rug with reclining backrest for camping -160 x 53 cm,QUECHUA,1590.0,1,5.0,Available,https://decathlon.ph/p/ultimcomfort-folding-rug-with-reclining-backrest-for-camping-160-x-53-cm-quechua-8844625.html
Compact Camping Table  4/6 People Wooden Top Storage Pocket,QUECHUA,4090.0,0,0.0,Available,https://decathlon.ph/p/compact-camping-table-4-6-people-wooden-top-storage-pocket-quechua-8853029.html
Camping Folding Armchair - Basic,QUECHUA,780.0,390,4.58,Available,https://decathlon.ph/p/camping-folding-armchair-basic-quechua-8573880.html
FOLDING CAMPING TABLE - 4 TO 6 PEOPLE,QUECHUA,1890.0,14,4.57,Available,https://decathlon.ph/p/folding-camping-table-4-to-6-people-quechua-8809392.html
FOLDING CAMPING BOWL - 8 LITRES,QUECHUA,400.0,2,5.0,Available,https://decathlon.ph/p/folding-camping-bowl-8-litres-quechua-8576761.html
Camping Comfortable Folding Table Chair,QUECHUA,1490.0,7,4.43,Available,https://decathlon.ph/p/camping-comfortable-folding-table-chair-quechua-8575884.html
WATERPROOF COOLER BAG COMPACT FRESH 35 LITRES,QUECHUA,850.0,2,5.0,Available,https://decathlon.ph/p/waterproof-cooler-bag-compact-fresh-35-litres-quechua-8502029.html
"Set of 2 stainless-steel utensils, spatula and fork, for camping",QUECHUA,500.0,0,0.0,Available,https://decathlon.ph/p/set-of-2-stainless-steel-utensils-spatula-and-fork-for-camping-quechua-8751074.html
"Insulated Stainless-steel Hiking Bottle MH900 0.7L, Rapid Opening Cap",QUECHUA,750.0,7,4.86,Available,https://decathlon.ph/p/insulated-stainless-steel-hiking-bottle-mh900-0-7l-rapid-opening-cap-quechua-8641550.html
MH900 stainless steel insulated hiking bottle with quick-release cap - 0.4L,QUECHUA,650.0,2,5.0,Available,https://decathlon.ph/p/mh900-stainless-steel-insulated-hiking-bottle-with-quick-release-cap-0-4l-quechua-8641548.html
Aluminium Hiking Water Bottle 900 Instant Cap with Straw 0.6 Litre,QUECHUA,400.0,9,5.0,Available,https://decathlon.ph/p/aluminium-hiking-water-bottle-900-instant-cap-with-straw-0-6-litre-quechua-8643033.html
CAMPING LAMP 100 LUMENS BL100,QUECHUA,490.0,26,4.62,Available,https://decathlon.ph/p/camping-lamp-100-lumens-bl100-quechua-8670110.html
Tritan Flask 0.8 L with quick opening cap for hiking - blue,QUECHUA,350.0,26,4.42,Available,https://decathlon.ph/p/tritan-flask-0-8-l-with-quick-opening-cap-for-hiking-blue-quechua-8640644.html
Shelter Tent Arpenaz - 4 Person,QUECHUA,2290.0,52,4.56,Unavailable,https://decathlon.ph/p/shelter-tent-arpenaz-4-person-quechua-8750752.html
100 Aluminium Screw Cap for Hiking Flask,QUECHUA,50.0,0,0.0,Unavailable,https://decathlon.ph/p/100-aluminium-screw-cap-for-hiking-flask-quechua-8033880.html
Half-Structure 2 Seconds Easy 3-Person Tent Replacement Kit ,QUECHUA,2090.0,0,0.0,Unavailable,https://decathlon.ph/p/half-structure-2-seconds-easy-3-person-tent-replacement-kit-quechua-8733655.html
Camping Rigid Cooler  -22 L  Cool Preserved for 5 Hours,QUECHUA,3190.0,4,3.75,Unavailable,https://decathlon.ph/p/camping-rigid-cooler-22-l-cool-preserved-for-5-hours-quechua-8664400.html
CAMPING LAMP - BL100 - 100 LUMENS Red,QUECHUA,340.0,26,4.62,Unavailable,https://decathlon.ph/p/camping-lamp-bl100-100-lumens-red-quechua-8492467.html
NATURE HIKING CAMPING BED - 60 CM BASIC BED - 1P,QUECHUA,1390.0,26,4.27,Unavailable,https://decathlon.ph/p/nature-hiking-camping-bed-60-cm-basic-bed-1p-quechua-8595950.html
name,brand,price,stock_count,product_rating,Availability,url
Camping Tent with Poles Arpenaz 4.1 F&B 4 Persons 1 Bedroom,QUECHUA,9990.0,17,4.65,Available,https://decathlon.ph/p/camping-tent-with-poles-arpenaz-4-1-f-b-4-persons-1-bedroom-quechua-8492957.html
Trekking dome tent - 3-person - MT500,FORCLAZ,7290.0,6,3.5,Available,https://decathlon.ph/p/trekking-dome-tent-3-person-mt500-forclaz-8556125.html
Camping tent 2 Seconds Easy - 3-P - Fresh&Black,QUECHUA,10990.0,12,3.83,Unavailable,https://decathlon.ph/p/camping-tent-2-seconds-easy-3-p-fresh-black-quechua-8576110.html
Camping tent with poles - Arpenaz 4.1 - 4 Person - 1 Bedroom,QUECHUA,8690.0,27,4.07,Unavailable,https://decathlon.ph/p/camping-tent-with-poles-arpenaz-4-1-4-person-1-bedroom-quechua-8378237.html
Camping tent 2 Seconds - 3-Person - Fresh&Black,QUECHUA,5590.0,4,5.0,Unavailable,https://decathlon.ph/p/camping-tent-2-seconds-3-person-fresh-black-quechua-8357353.html
CAMPING TENT - 2 SECONDS - 2 PEOPLE - BLUE,QUECHUA,2990.0,12,4.33,Unavailable,https://decathlon.ph/p/camping-tent-2-seconds-2-people-blue-quechua-8492461.html
Camping Folding Armchair - Basic,QUECHUA,1290.0,390,4.58,Available,https://decathlon.ph/p/camping-folding-armchair-basic-quechua-8573879.html
FOLDING CAMPING CHAIR,QUECHUA,1290.0,78,4.69,Available,https://decathlon.ph/p/folding-camping-chair-quechua-8852991.html
Camping Comfortable Folding Table Chair,QUECHUA,1690.0,7,4.43,Available,https://decathlon.ph/p/camping-comfortable-folding-table-chair-quechua-8853003.html
Camping Comfortable Reclining Folding Armchair - steel,QUECHUA,2690.0,29,4.76,Available,https://decathlon.ph/p/camping-comfortable-reclining-folding-armchair-steel-quechua-8881982.html
Comfortable XL cover for picnicking and camping - 210 x 170 cm,QUECHUA,1290.0,28,4.89,Available,https://decathlon.ph/p/comfortable-xl-cover-for-picnicking-and-camping-210-x-170-cm-quechua-8789856.html
FOLDING CAMPING CHAIR MH500 - GREY,QUECHUA,2890.0,47,4.57,Available,https://decathlon.ph/p/folding-camping-chair-mh500-grey-quechua-8492643.html
Camping tripod,QUECHUA,320.0,218,4.45,Available,https://decathlon.ph/p/camping-tripod-quechua-8786302.html
Folding Camping Chair,QUECHUA,990.0,166,4.52,Available,https://decathlon.ph/p/folding-camping-chair-quechua-8852994.html
FOLDING CAMPING TABLE - 4 STOOLS - 4 TO 6 PEOPLE,QUECHUA,4690.0,5,3.2,Available,https://decathlon.ph/p/folding-camping-table-4-stools-4-to-6-people-quechua-8853007.html
Camping tripod,QUECHUA,390.0,218,4.45,Available,https://decathlon.ph/p/camping-tripod-quechua-8786303.html
PLAID XL 190x190 CHINA TIGER,QUECHUA,1290.0,22,4.64,Available,https://decathlon.ph/p/plaid-xl-190x190-china-tiger-quechua-8735286.html
Picnic comfort blanket - 170 x 140cm,QUECHUA,780.0,66,4.8,Available,https://decathlon.ph/p/picnic-comfort-blanket-170-x-140cm-quechua-8641939.html
FLEECE BLANKET - 150 x 130 CM,QUECHUA,550.0,25,4.36,Available,https://decathlon.ph/p/fleece-blanket-150-x-130-cm-quechua-8606450.html
Camping Comfortable Folding Armchair,QUECHUA,2890.0,13,4.69,Available,https://decathlon.ph/p/camping-comfortable-folding-armchair-quechua-8852999.html
Rechargeable torchlight - 300 lumen - TL900,FORCLAZ,1890.0,9,3.56,Available,https://decathlon.ph/p/rechargeable-torchlight-300-lumen-tl900-forclaz-8588393.html
Trekking Half-Moon Storage Bag 2-Pack - 2 x 7L,FORCLAZ,620.0,17,4.76,Available,https://decathlon.ph/p/trekking-half-moon-storage-bag-2-pack-2-x-7l-forclaz-8576244.html
KIDS SLEEPING BAG MH100 10°C - BLUE,QUECHUA,970.0,12,4.75,Available,https://decathlon.ph/p/kids-sleeping-bag-mh100-10-c-blue-quechua-8513487.html
TARP 500 BLACK COATING L,QUECHUA,5190.0,2,5.0,Available,https://decathlon.ph/p/tarp-500-black-coating-l-quechua-8862250.html
Isothermal Stainless Steel Hiking Flask MH500 0.5 L White,QUECHUA,790.0,48,4.44,Available,https://decathlon.ph/p/isothermal-stainless-steel-hiking-flask-mh500-0-5-l-white-quechua-8612271.html
Trekking Silk Bag Liner MT500,FORCLAZ,3190.0,6,5.0,Available,https://decathlon.ph/p/trekking-silk-bag-liner-mt500-forclaz-8578334.html
USB Solar Panel - 15W - SLR900 V2,FORCLAZ,3090.0,1,4.0,Available,https://decathlon.ph/p/usb-solar-panel-15w-slr900-v2-forclaz-8788791.html
Rechargeable torchlight and external battery - 210 lumen - DYNAMO 900 PWB,FORCLAZ,1190.0,0,0.0,Available,https://decathlon.ph/p/rechargeable-torchlight-and-external-battery-210-lumen-dynamo-900-pwb-forclaz-8665150.html
Untreated Travel Mosquito Net - 1 person - Undyed,FORCLAZ,990.0,1,4.0,Available,https://decathlon.ph/p/untreated-travel-mosquito-net-1-person-undyed-forclaz-8655222.html
Insulated Stainless Steel Hiking Flask MH500 0.8L - Blue,QUECHUA,990.0,82,4.37,Available,https://decathlon.ph/p/insulated-stainless-steel-hiking-flask-mh500-0-8l-blue-quechua-8554867.html
Hiking Insulated Stainless Steel Flask MH500 0.5L Pink,QUECHUA,790.0,84,4.58,Available,https://decathlon.ph/p/hiking-insulated-stainless-steel-flask-mh500-0-5l-pink-quechua-8809552.html
Aluminium Hiking Water Bottle 900 Instant Cap with Straw 0.6 Litre,QUECHUA,480.0,9,5.0,Available,https://decathlon.ph/p/aluminium-hiking-water-bottle-900-instant-cap-with-straw-0-6-litre-quechua-8615531.html
Hiking flask MH500 quick-open cap 1 litre aluminium - green,QUECHUA,420.0,120,4.26,Available,https://decathlon.ph/p/hiking-flask-mh500-quick-open-cap-1-litre-aluminium-green-quechua-8612537.html
"KID HIKING BOTTLE 0,35L Queque",QUECHUA,240.0,5,4.8,Available,https://decathlon.ph/p/kid-hiking-bottle-0-35l-queque-quechua-8581805.html
Trekking sleeping bag TREK900 0° feather yellow,FORCLAZ,5290.0,0,0.0,Available,https://decathlon.ph/p/trekking-sleeping-bag-trek900-0-feather-yellow-forclaz-8492771.html
Trekking Sleeping Bag MT900 0°C Down,FORCLAZ,12590.0,610,4.45,Available,https://decathlon.ph/p/trekking-sleeping-bag-mt900-0-c-down-forclaz-8575975.html
Aluminium Hiking Water Bottle 900 Instant Cap with Straw 0.6 Litre,QUECHUA,780.0,9,5.0,Available,https://decathlon.ph/p/aluminium-hiking-water-bottle-900-instant-cap-with-straw-0-6-litre-quechua-8615532.html
Ultralight Non-Anodised Aluminium Tent Pegs MT900 - 10 g (x5),FORCLAZ,520.0,2,4.5,Available,https://decathlon.ph/p/ultralight-non-anodised-aluminium-tent-pegs-mt900-10-g-x5-forclaz-8527888.html
FIBRE SNAP RING - 8.5 MM DIAMETER - 60 CM LENGTH - TENT POLES SPARE PART,QUECHUA,240.0,0,0.0,Available,https://decathlon.ph/p/fibre-snap-ring-8-5-mm-diameter-60-cm-length-tent-poles-spare-part-quechua-8600155.html
aluminum fishbone pegs,QUECHUA,260.0,0,0.0,Available,https://decathlon.ph/p/aluminum-fishbone-pegs-quechua-8585302.html
MH500 hiker's camping cook set stainless steel + non-stick coating 4 p. 3.5 L,QUECHUA,2790.0,22,4.77,Available,https://decathlon.ph/p/mh500-hiker-s-camping-cook-set-stainless-steel-non-stick-coating-4-p-3-5-l-quechua-8492729.html
Inflatable Camping Mattress Air Comfort 120 cm 2 People,QUECHUA,1990.0,4,4.5,Available,https://decathlon.ph/p/inflatable-camping-mattress-air-comfort-120-cm-2-people-quechua-8648442.html
Bivouac headlamp 50 lm -  HL50 Black,FORCLAZ,220.0,63,4.46,Available,https://decathlon.ph/p/bivouac-headlamp-50-lm-hl50-black-forclaz-8602576.html
CAMPING PILLOW ULTIM COMFORT,QUECHUA,1590.0,24,4.83,Available,https://decathlon.ph/p/camping-pillow-ultim-comfort-quechua-8827568.html
4-person camp fire cooking pot - stainless steel -3 litres,QUECHUA,1490.0,0,0.0,Available,https://decathlon.ph/p/4-person-camp-fire-cooking-pot-stainless-steel-3-litres-quechua-8751076.html
Plastic (Ecozen®) Hiking Flask with Quick Opening Cap MH500 1.2 Litre Blue,QUECHUA,590.0,21,4.76,Available,https://decathlon.ph/p/plastic-ecozen-hiking-flask-with-quick-opening-cap-mh500-1-2-litre-blue-quechua-8798181.html
Trekking waterproof compression cover - 20 Litres,FORCLAZ,490.0,10,4.7,Available,https://decathlon.ph/p/trekking-waterproof-compression-cover-20-litres-forclaz-8595300.html
CAMP BED FOR CAMPING - CAMP BED SECOND 65 CM - 1 PERSON,QUECHUA,3990.0,41,4.37,Available,https://decathlon.ph/p/camp-bed-for-camping-camp-bed-second-65-cm-1-person-quechua-8595947.html
"Shelter 4 People Base Easy Fresh - multipurpose, pop-up pitching with tent poles",QUECHUA,3890.0,5,5.0,Available,https://decathlon.ph/p/shelter-4-people-base-easy-fresh-multipurpose-pop-up-pitching-with-tent-poles-quechua-8735280.html
Water bladder - 3L - MT500,FORCLAZ,990.0,9,4.67,Available,https://decathlon.ph/p/water-bladder-3l-mt500-forclaz-8542254.html
MH500 1L Stainless Steel Hiking Campsite Kettle,QUECHUA,850.0,33,4.76,Available,https://decathlon.ph/p/mh500-1l-stainless-steel-hiking-campsite-kettle-quechua-8504347.html
Inflatable Trekking Mattress - MT500 air L - 180 x 52 cm - 1 person,FORCLAZ,2890.0,14,4.36,Available,https://decathlon.ph/p/inflatable-trekking-mattress-mt500-air-l-180-x-52-cm-1-person-forclaz-8799965.html
Camping Awning Arpenaz Fresh - 6 People,QUECHUA,2790.0,10,3.4,Available,https://decathlon.ph/p/camping-awning-arpenaz-fresh-6-people-quechua-8648418.html
Camping Bed Basic Camp Bed 60 cm 1 Person,QUECHUA,2590.0,19,4.84,Available,https://decathlon.ph/p/camping-bed-basic-camp-bed-60-cm-1-person-quechua-8755737.html
Set of 2 trekking storage covers with waterproof half-moon - 2x7L,FORCLAZ,580.0,10,4.5,Available,https://decathlon.ph/p/set-of-2-trekking-storage-covers-with-waterproof-half-moon-2x7l-forclaz-8572592.html
Trekking Folding Foam Mattress - MT500 Insulating - 195 x 55 cm - 1 person,FORCLAZ,1890.0,10,4.8,Available,https://decathlon.ph/p/trekking-folding-foam-mattress-mt500-insulating-195-x-55-cm-1-person-forclaz-8543045.html
CAMPING SLEEPING BAG - ARPENAZ 10°,QUECHUA,1590.0,2530,4.66,Available,https://decathlon.ph/p/camping-sleeping-bag-arpenaz-10-quechua-8737675.html
CAMPING SLEEPING BAG - ARPENAZ 15°,QUECHUA,1390.0,52,4.42,Available,https://decathlon.ph/p/camping-sleeping-bag-arpenaz-15-quechua-8737673.html
Hiker’s camping stainless steel cook set MH100 1 person (1.1 L),QUECHUA,850.0,13,4.92,Available,https://decathlon.ph/p/hiker-s-camping-stainless-steel-cook-set-mh100-1-person-1-1-l-quechua-8492724.html
"Kitchen Set MH500 (spatula, ladle, tea towel, chopping board) for hiking camp",QUECHUA,990.0,5,4.2,Available,https://decathlon.ph/p/kitchen-set-mh500-spatula-ladle-tea-towel-chopping-board-for-hiking-camp-quechua-8549674.html
"Hiking MH900 1l isothermal stainless steel flask, quick opening cap",QUECHUA,960.0,1,5.0,Available,https://decathlon.ph/p/hiking-mh900-1l-isothermal-stainless-steel-flask-quick-opening-cap-quechua-8750954.html
"MH500 stainless steel folding camping cutlery set (fork, spoon) for hiking ",QUECHUA,890.0,17,4.88,Available,https://decathlon.ph/p/mh500-stainless-steel-folding-camping-cutlery-set-fork-spoon-for-hiking-quechua-8551090.html
Isothermal Backpack 20 L - NH100 Ice Compact,QUECHUA,1190.0,12,4.83,Available,https://decathlon.ph/p/isothermal-backpack-20-l-nh100-ice-compact-quechua-8618607.html
Dome Trekking Tent -  2 person - MT500 Mesh,FORCLAZ,7290.0,3,5.0,Available,https://decathlon.ph/p/dome-trekking-tent-2-person-mt500-mesh-forclaz-8786418.html
10 STEEL TENT PEGS - VARIOUS TERRAINS,QUECHUA,390.0,14,4.79,Available,https://decathlon.ph/p/10-steel-tent-pegs-various-terrains-quechua-1163836.html
Waterproof Sleeping Bag Cover - Grey,FORCLAZ,1590.0,1,4.0,Available,https://decathlon.ph/p/waterproof-sleeping-bag-cover-grey-forclaz-8526595.html
Trekking Half-Moon Storage Bag 2-Pack - 2 x 15L,FORCLAZ,790.0,8,4.88,Available,https://decathlon.ph/p/trekking-half-moon-storage-bag-2-pack-2-x-15l-forclaz-8572590.html
Rechargeable Head Torch - 100 lumen - BIVOUAC 500 USB,FORCLAZ,990.0,29,4.55,Available,https://decathlon.ph/p/rechargeable-head-torch-100-lumen-bivouac-500-usb-forclaz-8559673.html
CAMPING LAMP - BL100 RECHARGEABLE - 100 LUMENS,QUECHUA,1690.0,6,3.5,Available,https://decathlon.ph/p/camping-lamp-bl100-rechargeable-100-lumens-quechua-8579848.html
3 large adhesive patch kit - Inflatable mattress repair - 7cm x 3 cm,QUECHUA,440.0,3,5.0,Available,https://decathlon.ph/p/3-large-adhesive-patch-kit-inflatable-mattress-repair-7cm-x-3-cm-quechua-8640350.html
Camping Shelter with Poles - 1 person - Arpenaz 1P,QUECHUA,890.0,10,5.0,Available,https://decathlon.ph/p/camping-shelter-with-poles-1-person-arpenaz-1p-quechua-8669495.html
Pillow Air Dream CN,QUECHUA,1290.0,6,4.83,Available,https://decathlon.ph/p/pillow-air-dream-cn-quechua-8554062.html
Self-inflating trekking mattress - MT100 L - 180 x 52 cm - 1 person,FORCLAZ,2390.0,12,4.25,Available,https://decathlon.ph/p/self-inflating-trekking-mattress-mt100-l-180-x-52-cm-1-person-forclaz-8612278.html
Camping Flexible Cooler - 35 L - Preserves Cold for 17 Hours,QUECHUA,4490.0,7,4.71,Available,https://decathlon.ph/p/camping-flexible-cooler-35-l-preserves-cold-for-17-hours-quechua-8572258.html
COTTON SLEEPING BAG FOR CAMPING - ULTIMCOMFORT 10° COTTON KHAKI,QUECHUA,2590.0,4,5.0,Available,https://decathlon.ph/p/cotton-sleeping-bag-for-camping-ultimcomfort-10-cotton-khaki-quechua-8810999.html
Trekking Sleeping Bag MT500 5°C Synthetic,FORCLAZ,3990.0,76,4.7,Available,https://decathlon.ph/p/trekking-sleeping-bag-mt500-5-c-synthetic-forclaz-8799899.html
Inflatable trekking mattress - MT500 Air Insulating L - 180 x 52 cm - 1 person,FORCLAZ,2590.0,6,5.0,Available,https://decathlon.ph/p/inflatable-trekking-mattress-mt500-air-insulating-l-180-x-52-cm-1-person-forclaz-8578994.html
Battery Torchlight - 100 lumen - TL100,FORCLAZ,590.0,29,4.59,Available,https://decathlon.ph/p/battery-torchlight-100-lumen-tl100-forclaz-8738188.html
SOFT CAMPING ICE CHEST - 10L,QUECHUA,750.0,15,4.67,Available,https://decathlon.ph/p/soft-camping-ice-chest-10l-quechua-8649237.html
KIDS’ SLEEPING BAG MH100 20°C - TURQUOISE,QUECHUA,790.0,14,4.71,Available,https://decathlon.ph/p/kids-sleeping-bag-mh100-20-c-turquoise-quechua-8786311.html
Isothermal Lunch Box 500 5 Litres 1 Set of Table Mats Included,QUECHUA,780.0,0,0.0,Available,https://decathlon.ph/p/isothermal-lunch-box-500-5-litres-1-set-of-table-mats-included-quechua-8750634.html
Set of 2 universal storage covers - 2x10L,FORCLAZ,630.0,3,5.0,Available,https://decathlon.ph/p/set-of-2-universal-storage-covers-2x10l-forclaz-8572586.html
1 L limited edition stainless steel water bottle with screw cap for hiking,QUECHUA,600.0,40,3.8,Available,https://decathlon.ph/p/1-l-limited-edition-stainless-steel-water-bottle-with-screw-cap-for-hiking-quechua-8734575.html
Battery Torchlight - 100 lumen - TL100,FORCLAZ,590.0,31,4.58,Available,https://decathlon.ph/p/battery-torchlight-100-lumen-tl100-forclaz-8738189.html
Foam Trekking Mattress - MT100 - 180 x 50 cm - 1 person,FORCLAZ,590.0,25,4.32,Available,https://decathlon.ph/p/foam-trekking-mattress-mt100-180-x-50-cm-1-person-forclaz-5591048.html
Insulated Stainless Steel Hiking Flask MH500 0.8L - Red,QUECHUA,500.0,36,4.44,Available,https://decathlon.ph/p/insulated-stainless-steel-hiking-flask-mh500-0-8l-red-quechua-8574755.html
MH150 0.45L Stainless Steel Hiking Campsite plate,QUECHUA,390.0,7,4.71,Available,https://decathlon.ph/p/mh150-0-45l-stainless-steel-hiking-campsite-plate-quechua-8486873.html
Pack of 12 alkaline batteries LR03 - AAA,FORCLAZ,320.0,21,4.67,Available,https://decathlon.ph/p/pack-of-12-alkaline-batteries-lr03-aaa-forclaz-8058023.html
Set of 12 LR06 alkaline batteries - AA,FORCLAZ,320.0,11,4.91,Available,https://decathlon.ph/p/set-of-12-lr06-alkaline-batteries-aa-forclaz-8058024.html
Hiking Stainless Steel Water Bottle with Screw Top MH100 1L - black,QUECHUA,480.0,83,4.1,Available,https://decathlon.ph/p/hiking-stainless-steel-water-bottle-with-screw-top-mh100-1l-black-quechua-8612479.html
MULTIFUNCTION TARP CAMPING SHELTER - FRESH,QUECHUA,2690.0,25,4.4,Available,https://decathlon.ph/p/multifunction-tarp-camping-shelter-fresh-quechua-8572388.html
Windscreen for trekking stove - MT500,FORCLAZ,790.0,2,5.0,Available,https://decathlon.ph/p/windscreen-for-trekking-stove-mt500-forclaz-8756891.html
Trekking and Hiking Waterproof Compression Bag - 25 L,FORCLAZ,990.0,2,4.5,Available,https://decathlon.ph/p/trekking-and-hiking-waterproof-compression-bag-25-l-forclaz-8206610.html
Mountain Hiking camp cup MH100 blue plastic 0.25L- Blue,QUECHUA,130.0,20,4.85,Available,https://decathlon.ph/p/mountain-hiking-camp-cup-mh100-blue-plastic-0-25l-blue-quechua-8493764.html
Rechargeable torch - 150 lumens - DYNAMO 500 V2,FORCLAZ,990.0,10,4.4,Available,https://decathlon.ph/p/rechargeable-torch-150-lumens-dynamo-500-v2-forclaz-8665147.html
SELF-INFLATING CAMPING MATTRESS COMFORT 65 CM 1 PERSON,QUECHUA,3690.0,34,4.5,Available,https://decathlon.ph/p/self-inflating-camping-mattress-comfort-65-cm-1-person-quechua-8601381.html
Isothermal Cover for Hiking Water Bottle 1.2 to 1.5 Litre - Grey/Blue,QUECHUA,490.0,14,5.0,Available,https://decathlon.ph/p/isothermal-cover-for-hiking-water-bottle-1-2-to-1-5-litre-grey-blue-quechua-8575942.html
CAMPING LAMP 100 LUMENS BL100,QUECHUA,850.0,26,4.62,Available,https://decathlon.ph/p/camping-lamp-100-lumens-bl100-quechua-8492468.html
Isothermal Hiker’s Camping Mug (stainless steel double wall) MH500 0.38 L Khaki,QUECHUA,590.0,82,4.74,Available,https://decathlon.ph/p/isothermal-hiker-s-camping-mug-stainless-steel-double-wall-mh500-0-38-l-khaki-quechua-8640745.html
Isothermal lunch box - 7 litres,QUECHUA,980.0,3,4.33,Available,https://decathlon.ph/p/isothermal-lunch-box-7-litres-quechua-8750581.html
Replacement elastic for tent hoops - 6 metres,QUECHUA,290.0,11,4.73,Available,https://decathlon.ph/p/replacement-elastic-for-tent-hoops-6-metres-quechua-1163607.html
Trekking Cookset Trek 500 Stainless Steel 1 Person 0.9 Liters,FORCLAZ,890.0,4,5.0,Available,https://decathlon.ph/p/trekking-cookset-trek-500-stainless-steel-1-person-0-9-liters-forclaz-8492722.html
Aluminium Hiking Flask with Quick Opening Cap MH500 1.5 Litre Blue,QUECHUA,790.0,45,4.31,Available,https://decathlon.ph/p/aluminium-hiking-flask-with-quick-opening-cap-mh500-1-5-litre-blue-quechua-8612527.html
Camping Lamp BL 60 Rechargeable USB-C and Dynamo 60 Lumens,QUECHUA,1290.0,3,5.0,Available,https://decathlon.ph/p/camping-lamp-bl-60-rechargeable-usb-c-and-dynamo-60-lumens-quechua-8755548.html
"Hiking flask. 900 instant opening with straw, 0.8 litre Tritan - Petrol blue",QUECHUA,590.0,46,4.17,Available,https://decathlon.ph/p/hiking-flask-900-instant-opening-with-straw-0-8-litre-tritan-petrol-blue-quechua-8575961.html
Stainless Steel Hiking Flask with Screw Cap MH100 1.5 L Khaki,QUECHUA,710.0,30,4.0,Available,https://decathlon.ph/p/stainless-steel-hiking-flask-with-screw-cap-mh100-1-5-l-khaki-quechua-8612485.html
Foam Seat Cushion - MT500,FORCLAZ,490.0,26,4.92,Available,https://decathlon.ph/p/foam-seat-cushion-mt500-forclaz-8493400.html
Insulated cover for hiking flask 0.5 to 0.6 litre grey/purple,QUECHUA,270.0,6,4.67,Available,https://decathlon.ph/p/insulated-cover-for-hiking-flask-0-5-to-0-6-litre-grey-purple-quechua-8575949.html
INFLATABLE CAMPING MATTRESS - ULTIM COMFORT 70 CM - 1 PERSON,QUECHUA,4790.0,28,4.29,Available,https://decathlon.ph/p/inflatable-camping-mattress-ultim-comfort-70-cm-1-person-quechua-8759611.html
ALUMINIUM 4.5 METRE POLE KIT Ø 8.5 MM 14x32.5 CM SECTIONS,FORCLAZ,1050.0,2,4.5,Available,https://decathlon.ph/p/aluminium-4-5-metre-pole-kit-ø-8-5-mm-14x32-5-cm-sections-forclaz-8557107.html
Stainless Steel Insulated Hiking Bottle 1 L Blue,QUECHUA,990.0,51,4.24,Available,https://decathlon.ph/p/stainless-steel-insulated-hiking-bottle-1-l-blue-quechua-8734560.html
Ice-pack for Cooler and Cooler Backpack 175 Grams Set of 2 Ice-packs ,QUECHUA,210.0,9,5.0,Available,https://decathlon.ph/p/ice-pack-for-cooler-and-cooler-backpack-175-grams-set-of-2-ice-packs-quechua-8561305.html
Hard ground camping mallet,QUECHUA,830.0,3,3.67,Available,https://decathlon.ph/p/hard-ground-camping-mallet-quechua-8771768.html
Hiking flask MH500 quick-open cap 1 litre aluminium - blue,QUECHUA,690.0,120,4.26,Available,https://decathlon.ph/p/hiking-flask-mh500-quick-open-cap-1-litre-aluminium-blue-quechua-8612536.html
Set of 4 LR06 alkaline batteries - AA,FORCLAZ,150.0,39,4.72,Available,https://decathlon.ph/p/set-of-4-lr06-alkaline-batteries-aa-forclaz-8289839.html
Aluminium Hiking Flask 100 with Screw Cap 0.75 Litre - Khaki,QUECHUA,490.0,40,4.0,Available,https://decathlon.ph/p/aluminium-hiking-flask-100-with-screw-cap-0-75-litre-khaki-quechua-8755964.html
TREKKING MUMMY PAIRABLE SLEEPING BAG - TREK 500 -5°C - WADDING - BURGUNDY,FORCLAZ,2590.0,13,4.0,Available,https://decathlon.ph/p/trekking-mummy-pairable-sleeping-bag-trek-500-5-c-wadding-burgundy-forclaz-8556634.html
Firestone MT500,FORCLAZ,790.0,3,4.67,Available,https://decathlon.ph/p/firestone-mt500-forclaz-8785938.html
"KID HIKING BOTTLE 0,35L Yueyue",QUECHUA,280.0,5,4.8,Available,https://decathlon.ph/p/kid-hiking-bottle-0-35l-yueyue-quechua-8581804.html
Stainless Steel Insulated Hiking Bottle - 0.4 L Blue,QUECHUA,690.0,111,4.6,Available,https://decathlon.ph/p/stainless-steel-insulated-hiking-bottle-0-4-l-blue-quechua-8734555.html
Transport Cart For Camping Equipment - Compact Trolley,QUECHUA,5290.0,10,5.0,Available,https://decathlon.ph/p/transport-cart-for-camping-equipment-compact-trolley-quechua-8858190.html
All Terrain Transport Cart For Camping Equipment - Trolley All Road,QUECHUA,8290.0,11,4.45,Available,https://decathlon.ph/p/all-terrain-transport-cart-for-camping-equipment-trolley-all-road-quechua-8611651.html
FOLDING CAMPING TABLE – 2 TO 4 PEOPLE,QUECHUA,1590.0,78,4.77,Available,https://decathlon.ph/p/folding-camping-table-2-to-4-people-quechua-8750555.html
Comfort blanket for picnics and camping - 170 x 140 cm,QUECHUA,780.0,66,4.8,Available,https://decathlon.ph/p/comfort-blanket-for-picnics-and-camping-170-x-140-cm-quechua-8789855.html
Easy Table CN,QUECHUA,3690.0,4,5.0,Available,https://decathlon.ph/p/easy-table-cn-quechua-8553609.html
Comfort blanket for picnics and camping - 170 x 140 cm,QUECHUA,780.0,18,4.94,Available,https://decathlon.ph/p/comfort-blanket-for-picnics-and-camping-170-x-140-cm-quechua-8789851.html
Comfort blanket for picnics and camping - 170 x 140 cm,QUECHUA,780.0,0,0.0,Available,https://decathlon.ph/p/comfort-blanket-for-picnics-and-camping-170-x-140-cm-quechua-8852506.html
Folding camping stool - green,QUECHUA,640.0,4,5.0,Available,https://decathlon.ph/p/folding-camping-stool-green-quechua-8843764.html
FOLDING CAMPING TABLE - 4 TO 6 PEOPLE,QUECHUA,2990.0,5,5.0,Available,https://decathlon.ph/p/folding-camping-table-4-to-6-people-quechua-8872549.html
,QUECHUA,1990.0,0,0.0,Available,https://decathlon.ph/p/folding-and-compact-camping-wardrobe-basic-quechua-864538.html
First-Aid Kit 100 41 Pieces,FORCLAZ,590.0,18,4.56,Unavailable,https://decathlon.ph/p/first-aid-kit-100-41-pieces-forclaz-8581562.html
Trekking 2 Seasons Tarp Trek 900 - Grey,FORCLAZ,3490.0,1,4.0,Unavailable,https://decathlon.ph/p/trekking-2-seasons-tarp-trek-900-grey-forclaz-8545743.html
Shelter Tent Arpenaz - 4 Person,QUECHUA,2290.0,52,4.56,Unavailable,https://decathlon.ph/p/shelter-tent-arpenaz-4-person-quechua-8750752.html
CAMPING AND HIKING BACKPACK COOLER FOR - 10 LITERS,QUECHUA,650.0,2,5.0,Unavailable,https://decathlon.ph/p/camping-and-hiking-backpack-cooler-for-10-liters-quechua-8358098.html
100 Aluminium Screw Cap for Hiking Flask,QUECHUA,50.0,0,0.0,Unavailable,https://decathlon.ph/p/100-aluminium-screw-cap-for-hiking-flask-quechua-8033880.html
Half-Structure 2 Seconds Easy 3-Person Tent Replacement Kit ,QUECHUA,2090.0,0,0.0,Unavailable,https://decathlon.ph/p/half-structure-2-seconds-easy-3-person-tent-replacement-kit-quechua-8733655.html
Camping Rigid Cooler  -22 L  Cool Preserved for 5 Hours,QUECHUA,3190.0,4,3.75,Unavailable,https://decathlon.ph/p/camping-rigid-cooler-22-l-cool-preserved-for-5-hours-quechua-8664400.html
Hiking and Trekking Autonomous torch - Dynamo 50 collection - 8 lumens,FORCLAZ,240.0,1,5.0,Unavailable,https://decathlon.ph/p/hiking-and-trekking-autonomous-torch-dynamo-50-collection-8-lumens-forclaz-8361287.html
CAMPING LAMP - BL100 - 100 LUMENS Red,QUECHUA,340.0,26,4.62,Unavailable,https://decathlon.ph/p/camping-lamp-bl100-100-lumens-red-quechua-8492467.html
NATURE HIKING CAMPING BED - 60 CM BASIC BED - 1P,QUECHUA,1390.0,26,4.27,Unavailable,https://decathlon.ph/p/nature-hiking-camping-bed-60-cm-basic-bed-1p-quechua-8595950.html
Trekking Pipette + Tube (Teat + Tube) Replacement Kit for 500 Water Bag,FORCLAZ,170.0,0,0.0,Unavailable,https://decathlon.ph/p/trekking-pipette-tube-teat-tube-replacement-kit-for-500-water-bag-forclaz-8493248.html
Ecozen® 0.8 L flask with screw cap for hiking,QUECHUA,210.0,92,4.63,Unavailable,https://decathlon.ph/p/ecozen-0-8-l-flask-with-screw-cap-for-hiking-quechua-8797897.html
SOLAR PANEL SLR 500 V2 - 10W,FORCLAZ,1690.0,5,3.8,Unavailable,https://decathlon.ph/p/solar-panel-slr-500-v2-10w-forclaz-8788789.html
Isothermal Stainless Steel Hiking Flask MH500 1 L Khaki,QUECHUA,780.0,59,4.46,Available,https://decathlon.ph/p/isothermal-stainless-steel-hiking-flask-mh500-1-l-khaki-quechua-8612399.html
Trekking 3 Seasons Freestanding 2-Person dome - Tent Trek 100 - Orange,FORCLAZ,5500.0,3,3.67,Available,https://decathlon.ph/p/trekking-3-seasons-freestanding-2-person-dome-tent-trek-100-orange-forclaz-8556121.html
Folding plastic cutlery (fork/spoon) - MT500,FORCLAZ,150.0,28,4.46,Available,https://decathlon.ph/p/folding-plastic-cutlery-fork-spoon-mt500-forclaz-8486874.html
Trekking travel sleep mask - blue,FORCLAZ,390.0,60,4.08,Available,https://decathlon.ph/p/trekking-travel-sleep-mask-blue-forclaz-8493265.html
Isothermal Hiker’s Camping Mug (stainless steel double wall) MH500 0.38 L Red,QUECHUA,470.0,82,4.74,Available,https://decathlon.ph/p/isothermal-hiker-s-camping-mug-stainless-steel-double-wall-mh500-0-38-l-red-quechua-8640747.html
Inflatable trekking mattress - MT500 Air Insulating L - 180 x 52 cm - 1 person,FORCLAZ,4190.0,6,5.0,Available,https://decathlon.ph/p/inflatable-trekking-mattress-mt500-air-insulating-l-180-x-52-cm-1-person-forclaz-8853280.html
Insulated cover for hiking flask 0.75 to 1 litre grey/blue,QUECHUA,390.0,2226,4.57,Available,https://decathlon.ph/p/insulated-cover-for-hiking-flask-0-75-to-1-litre-grey-blue-quechua-8575944.html
Storage bag for trekking and hiking boots.,FORCLAZ,360.0,23,4.87,Available,https://decathlon.ph/p/storage-bag-for-trekking-and-hiking-boots-forclaz-8572603.html
MULTIFUNCTION TARP CAMPING SHELTER - FRESH XL,QUECHUA,3490.0,13,3.92,Available,https://decathlon.ph/p/multifunction-tarp-camping-shelter-fresh-xl-quechua-8576043.html
CAMPING LAMP - BL40 - 40 LUMENS,QUECHUA,390.0,26,4.77,Available,https://decathlon.ph/p/camping-lamp-bl40-40-lumens-quechua-8615283.html
Trekking Sleeping Bag MT500 0°C - Polyester,FORCLAZ,3090.0,24,3.75,Available,https://decathlon.ph/p/trekking-sleeping-bag-mt500-0-c-polyester-forclaz-8556637.html
WATERPROOF COOLER BAG COMPACT FRESH 35 LITRES,QUECHUA,850.0,2,5.0,Available,https://decathlon.ph/p/waterproof-cooler-bag-compact-fresh-35-litres-quechua-8502029.html
"Set of 2 stainless-steel utensils, spatula and fork, for camping",QUECHUA,500.0,0,0.0,Available,https://decathlon.ph/p/set-of-2-stainless-steel-utensils-spatula-and-fork-for-camping-quechua-8751074.html
"Insulated Stainless-steel Hiking Bottle MH900 0.7L, Rapid Opening Cap",QUECHUA,750.0,7,4.86,Available,https://decathlon.ph/p/insulated-stainless-steel-hiking-bottle-mh900-0-7l-rapid-opening-cap-quechua-8641550.html
Kids 0.6 L aluminium flask with instant-open cap and pipette for hiking,QUECHUA,400.0,0,0.0,Available,https://decathlon.ph/p/kids-0-6-l-aluminium-flask-with-instant-open-cap-and-pipette-for-hiking-quechua-8881432.html
Trekking dome tent - 1-person - MT900,FORCLAZ,8000.0,4,5.0,Available,https://decathlon.ph/p/trekking-dome-tent-1-person-mt900-forclaz-8545744.html
MH900 stainless steel insulated hiking bottle with quick-release cap - 0.4L,QUECHUA,650.0,2,5.0,Available,https://decathlon.ph/p/mh900-stainless-steel-insulated-hiking-bottle-with-quick-release-cap-0-4l-quechua-8641548.html
Aluminium Hiking Water Bottle 900 Instant Cap with Straw 0.6 Litre,QUECHUA,400.0,9,5.0,Available,https://decathlon.ph/p/aluminium-hiking-water-bottle-900-instant-cap-with-straw-0-6-litre-quechua-8643033.html
,FORCLAZ,1390.0,0,0.0,Available,https://decathlon.ph/p/trekking-and-hiking-head-torch-hl-900-usb-400-lumen-forclaz-8640234.html
Inflatable Trekking Mattress - MT500 air L - 180 x 52 cm - 1 person,FORCLAZ,1990.0,23,3.91,Available,https://decathlon.ph/p/inflatable-trekking-mattress-mt500-air-l-180-x-52-cm-1-person-forclaz-8612276.html
CAMPING LAMP 100 LUMENS BL100,QUECHUA,490.0,26,4.62,Available,https://decathlon.ph/p/camping-lamp-100-lumens-bl100-quechua-8670110.html
Tritan Flask 0.8 L with quick opening cap for hiking - blue,QUECHUA,350.0,26,4.42,Available,https://decathlon.ph/p/tritan-flask-0-8-l-with-quick-opening-cap-for-hiking-blue-quechua-8640644.html
Plastic (Tritan) Hiking Flask with Quick Opening Cap MH500 0.5 Litre Purple,QUECHUA,290.0,1,5.0,Available,https://decathlon.ph/p/plastic-tritan-hiking-flask-with-quick-opening-cap-mh500-0-5-litre-purple-quechua-8640648.html
Ultimcomfort folding rug with reclining backrest for camping -160 x 53 cm,QUECHUA,1590.0,1,5.0,Available,https://decathlon.ph/p/ultimcomfort-folding-rug-with-reclining-backrest-for-camping-160-x-53-cm-quechua-8844625.html
Compact Camping Table  4/6 People Wooden Top Storage Pocket,QUECHUA,4090.0,0,0.0,Available,https://decathlon.ph/p/compact-camping-table-4-6-people-wooden-top-storage-pocket-quechua-8853029.html
Camping Folding Armchair - Basic,QUECHUA,780.0,390,4.58,Available,https://decathlon.ph/p/camping-folding-armchair-basic-quechua-8573880.html
FOLDING CAMPING TABLE - 4 TO 6 PEOPLE,QUECHUA,1890.0,14,4.57,Available,https://decathlon.ph/p/folding-camping-table-4-to-6-people-quechua-8809392.html
NO RINSE NOURISHING CLEANSING FOAM,FORCLAZ,250.0,4,4.75,Available,https://decathlon.ph/p/no-rinse-nourishing-cleansing-foam-forclaz-8802915.html
FOLDING CAMPING BOWL - 8 LITRES,QUECHUA,400.0,2,5.0,Available,https://decathlon.ph/p/folding-camping-bowl-8-litres-quechua-8576761.html
Camping Comfortable Folding Table Chair,QUECHUA,1490.0,7,4.43,Available,https://decathlon.ph/p/camping-comfortable-folding-table-chair-quechua-8575884.html
Camping Shower Cubicle,QUECHUA,2590.0,1,5.0,Unavailable,https://decathlon.ph/p/camping-shower-cubicle-quechua-8576260.html
Nature Hiking CAMPING JERRYCAN - 10L,QUECHUA,660.0,17,3.82,Unavailable,https://decathlon.ph/p/nature-hiking-camping-jerrycan-10l-quechua-8513669.html
Comfort blanket for picnics and camping - 170 x 140 cm,QUECHUA,320.0,64,4.81,Unavailable,https://decathlon.ph/p/comfort-blanket-for-picnics-and-camping-170-x-140-cm-quechua-8584464.html
Rechargeable Head Torch - 600 lumen - HL900 USB V3,FORCLAZ,2490.0,46,4.63,Available,https://decathlon.ph/p/rechargeable-head-torch-600-lumen-hl900-usb-v3-forclaz-8600660.html
Trekking Half-Moon Waterproof Storage Bag 2-Pack - 2x15L,FORCLAZ,530.0,6,4.67,Available,https://decathlon.ph/p/trekking-half-moon-waterproof-storage-bag-2-pack-2x15l-forclaz-8559816.html
MH500 hiker's camping cook set stainless steel + non-stick coating 2 p. 2.1 L,QUECHUA,1790.0,20,4.55,Available,https://decathlon.ph/p/mh500-hiker-s-camping-cook-set-stainless-steel-non-stick-coating-2-p-2-1-l-quechua-8492728.html
Stainless steel trekking cookset - 2-person - MT500,FORCLAZ,1590.0,4,4.0,Available,https://decathlon.ph/p/stainless-steel-trekking-cookset-2-person-mt500-forclaz-8492723.html
Pack of 4 alkaline batteries LR03 - AAA,FORCLAZ,150.0,53,4.6,Available,https://decathlon.ph/p/pack-of-4-alkaline-batteries-lr03-aaa-forclaz-8289840.html
Untreated Travel Mosquito Net - 2 person - White,FORCLAZ,1390.0,0,0.0,Available,https://decathlon.ph/p/untreated-travel-mosquito-net-2-person-white-forclaz-8648825.html
Hiker's Camping Stainless Steel Cooking Set MH100 4 Person (2.6 L),QUECHUA,1190.0,0,0.0,Available,https://decathlon.ph/p/hiker-s-camping-stainless-steel-cooking-set-mh100-4-person-2-6-l-quechua-8524877.html
Hiker’s camping stainless steel cook set MH100 2 people (1.6 L),QUECHUA,1090.0,20,4.35,Available,https://decathlon.ph/p/hiker-s-camping-stainless-steel-cook-set-mh100-2-people-1-6-l-quechua-8492725.html
Inflatable trekking pillow MT500,FORCLAZ,970.0,29,4.38,Available,https://decathlon.ph/p/inflatable-trekking-pillow-mt500-forclaz-8772596.html
CAMP DOUBLE ACTION HAND PUMP 5.2l & 7 PSI – RECOMMENDED FOR INFLATABLE TENT,QUECHUA,780.0,5,4.6,Available,https://decathlon.ph/p/camp-double-action-hand-pump-5-2l-7-psi-recommended-for-inflatable-tent-quechua-8243066.html
TARP Bushcraft 2.95x2.8 m Waterproof Camouflage Furtiv,SOLOGNAC,2390.0,5,3.0,Available,https://decathlon.ph/p/tarp-bushcraft-2-95x2-8-m-waterproof-camouflage-furtiv-solognac-8561169.html
Trekking Sleeping Bag MT500 10°C - Polyester,FORCLAZ,1590.0,27,4.3,Partially Available,https://decathlon.ph/p/trekking-sleeping-bag-mt500-10-c-polyester-forclaz-8575966.html
Trekking Sleeping Bag MT500 0°C Synthetic,FORCLAZ,4690.0,0,0.0,Partially Available,https://decathlon.ph/p/trekking-sleeping-bag-mt500-0-c-synthetic-forclaz-8799901.html
Battery Head Torch - 30 lumen - ONNIGHT 50,FORCLAZ,160.0,193,4.73,Unavailable,https://decathlon.ph/p/battery-head-torch-30-lumen-onnight-50-forclaz-8364416.html
Rechargeable Head Torch - 120 lumen - HL100 USB,FORCLAZ,450.0,0,0.0,Unavailable,https://decathlon.ph/p/rechargeable-head-torch-120-lumen-hl100-usb-forclaz-8505683.html
Trekking inflatable pillow - Grey,FORCLAZ,700.0,47,4.53,Unavailable,https://decathlon.ph/p/trekking-inflatable-pillow-grey-forclaz-8557111.html
Single-use survival blanket,FORCLAZ,100.0,14,4.79,Unavailable,https://decathlon.ph/p/single-use-survival-blanket-forclaz-8572360.html
LOW FOLDING CAMPING CHAIR MH500 CAMO,QUECHUA,2490.0,45,4.44,Unavailable,https://decathlon.ph/p/low-folding-camping-chair-mh500-camo-quechua-8810860.html
Battery Head Torch - 80 lumen - ONNIGHT 100,FORCLAZ,490.0,124,4.74,Available,https://decathlon.ph/p/battery-head-torch-80-lumen-onnight-100-forclaz-8384991.html
Ecozen® flask  0.8 L with quick opening cap for hiking - blue,QUECHUA,490.0,116,4.47,Available,https://decathlon.ph/p/ecozen-flask-0-8-l-with-quick-opening-cap-for-hiking-blue-quechua-8798179.html
Camping Sleeping Bag Arpenaz 20°,QUECHUA,990.0,4354,4.59,Available,https://decathlon.ph/p/camping-sleeping-bag-arpenaz-20-quechua-8648438.html
Plastic hiking flask with quick opening cap MH500 0.8 Litre purple ,QUECHUA,300.0,115,4.5,Available,https://decathlon.ph/p/plastic-hiking-flask-with-quick-opening-cap-mh500-0-8-litre-purple-quechua-8798180.html
Plastic (Tritan) Hiking flask 100 screw top 0.8 litres,QUECHUA,160.0,584,4.59,Available,https://decathlon.ph/p/plastic-tritan-hiking-flask-100-screw-top-0-8-litres-quechua-8492776.html
Hiker’s camp flat plate MH100 plastic blue (0.45 litre),QUECHUA,140.0,14,4.64,Available,https://decathlon.ph/p/hiker-s-camp-flat-plate-mh100-plastic-blue-0-45-litre-quechua-8493329.html
Rechargeable Head Torch - 120 lumen - HL100 USB,FORCLAZ,890.0,141,4.71,Available,https://decathlon.ph/p/rechargeable-head-torch-120-lumen-hl100-usb-forclaz-8505682.html
MH150 Stainless Steel Hiking Campsite cup (0.4 litres),QUECHUA,250.0,82,4.82,Available,https://decathlon.ph/p/mh150-stainless-steel-hiking-campsite-cup-0-4-litres-quechua-8492721.html
"Set of 3 cutlery (knife, fork, spoon) hiker's camp plastic blue",QUECHUA,230.0,22,4.91,Available,https://decathlon.ph/p/set-of-3-cutlery-knife-fork-spoon-hiker-s-camp-plastic-blue-quechua-8386030.html
Rechargeable Head Torch - 300 lumen - HL500 USB V3 - black,FORCLAZ,1990.0,8,4.5,Available,https://decathlon.ph/p/rechargeable-head-torch-300-lumen-hl500-usb-v3-black-forclaz-8883095.html
Inflatable Camping Mattress - Air Basic 140 cm - 2 Person,QUECHUA,1990.0,48,4.02,Available,https://decathlon.ph/p/inflatable-camping-mattress-air-basic-140-cm-2-person-quechua-8561145.html
Reusable Survival Blanket,FORCLAZ,360.0,5,4.2,Available,https://decathlon.ph/p/reusable-survival-blanket-forclaz-8572289.html
Air Basic Inflatable Camping Mattress -120 cm - 2-Person,QUECHUA,1690.0,32,4.47,Available,https://decathlon.ph/p/air-basic-inflatable-camping-mattress-120-cm-2-person-quechua-8561149.html
CAMPING LAMP - BL 200 RECHARGEABLE - 200 LUMENS,QUECHUA,1390.0,29,4.72,Available,https://decathlon.ph/p/camping-lamp-bl-200-rechargeable-200-lumens-quechua-8584584.html
CAMPING AIR BASIC MATTRESS 70CM - 1 person,QUECHUA,990.0,30,3.87,Available,https://decathlon.ph/p/camping-air-basic-mattress-70cm-1-person-quechua-8561144.html
INFLATABLE CAMPING PILLOW - AIR BASIC,QUECHUA,390.0,121,4.17,Available,https://decathlon.ph/p/inflatable-camping-pillow-air-basic-quechua-8677189.html
Trekking Sleeping Bag MT500 15°C - Polyester,FORCLAZ,1790.0,35,3.8,Available,https://decathlon.ph/p/trekking-sleeping-bag-mt500-15-c-polyester-forclaz-8576293.html
CAMP BED FOR CAMPING - DOUBLE CAMP BED SECOND 130 CM - 2 PERSON,QUECHUA,3790.0,1,5.0,Available,https://decathlon.ph/p/camp-bed-for-camping-double-camp-bed-second-130-cm-2-person-quechua-8774222.html
Kit of 3 Trekking Travel Storage Bags TRAVEL,FORCLAZ,690.0,82,4.76,Available,https://decathlon.ph/p/kit-of-3-trekking-travel-storage-bags-travel-forclaz-8512006.html
